{
"parent": "item/generated",
"textures": {
"layer0": "item/birch_boat"
}
,
"overrides": [{"predicate": {"custom_model_data": 1},"model": "screen/bt_home"},{"predicate": {"custom_model_data": 2},"model": "screen/bt_home_selected"},{"predicate": {"custom_model_data": 3},"model": "screen/bt_credit"},{"predicate": {"custom_model_data": 4},"model": "screen/bt_credit_selected"},{"predicate": {"custom_model_data": 5},"model": "screen/bt_play"},{"predicate": {"custom_model_data": 6},"model": "screen/bt_play_selected"},{"predicate": {"custom_model_data": 7},"model": "screen/bt_info"},{"predicate": {"custom_model_data": 8},"model": "screen/bt_info_selected"},{"predicate": {"custom_model_data": 9},"model": "screen/bt_setting"},{"predicate": {"custom_model_data": 10},"model": "screen/bt_setting_selected"},{"predicate": {"custom_model_data": 11},"model": "screen/bt_leaderboard"},{"predicate": {"custom_model_data": 12},"model": "screen/bt_leaderboard_selected"},{"predicate": {"custom_model_data": 13},"model": "screen/bt_maps"},{"predicate": {"custom_model_data": 14},"model": "screen/bt_maps_selected"},{"predicate": {"custom_model_data": 15},"model": "screen/bt_story"},{"predicate": {"custom_model_data": 16},"model": "screen/bt_story_selected"},{"predicate": {"custom_model_data": 17},"model": "screen/bt_left_arrow"},{"predicate": {"custom_model_data": 18},"model": "screen/bt_left_arrow_selected"},{"predicate": {"custom_model_data": 19},"model": "screen/bt_right_arrow"},{"predicate": {"custom_model_data": 20},"model": "screen/bt_right_arrow_selected"},{"predicate": {"custom_model_data": 21},"model": "screen/bt_toggle_off"},{"predicate": {"custom_model_data": 22},"model": "screen/bt_toggle_off_selected"},{"predicate": {"custom_model_data": 23},"model": "screen/bt_toggle_on"},{"predicate": {"custom_model_data": 24},"model": "screen/bt_toggle_on_selected"},{"predicate": {"custom_model_data": 101},"model": "screen/sc_home_0"},{"predicate": {"custom_model_data": 102},"model": "screen/sc_home_1"},{"predicate": {"custom_model_data": 103},"model": "screen/sc_home_2"},{"predicate": {"custom_model_data": 104},"model": "screen/sc_credit_0"},{"predicate": {"custom_model_data": 105},"model": "screen/sc_credit_1"},{"predicate": {"custom_model_data": 106},"model": "screen/sc_credit_2"},{"predicate": {"custom_model_data": 107},"model": "screen/sc_info_0"},{"predicate": {"custom_model_data": 108},"model": "screen/sc_info_1"},{"predicate": {"custom_model_data": 109},"model": "screen/sc_info_2"},{"predicate": {"custom_model_data": 110},"model": "screen/sc_setting_0"},{"predicate": {"custom_model_data": 111},"model": "screen/sc_setting_1"},{"predicate": {"custom_model_data": 112},"model": "screen/sc_setting_2"},{"predicate": {"custom_model_data": 113},"model": "screen/sc_leaderboard_0"},{"predicate": {"custom_model_data": 114},"model": "screen/sc_leaderboard_1"},{"predicate": {"custom_model_data": 115},"model": "screen/sc_leaderboard_2"},{"predicate": {"custom_model_data": 116},"model": "screen/sc_maps_0"},{"predicate": {"custom_model_data": 117},"model": "screen/sc_maps_1"},{"predicate": {"custom_model_data": 118},"model": "screen/sc_maps_2"},{"predicate": {"custom_model_data": 119},"model": "screen/sc_story_0"},{"predicate": {"custom_model_data": 120},"model": "screen/sc_story_1"},{"predicate": {"custom_model_data": 121},"model": "screen/sc_story_2"},{"predicate": {"custom_model_data": 122},"model": "screen/sc_end_0"},{"predicate": {"custom_model_data": 123},"model": "screen/sc_end_1"},{"predicate": {"custom_model_data": 124},"model": "screen/sc_end_2"},{"predicate": {"custom_model_data": 300},"model": "screen/txt_setting_0"},{"predicate": {"custom_model_data": 301},"model": "screen/txt_setting_1"},{"predicate": {"custom_model_data": 302},"model": "screen/txt_setting_2"},{"predicate": {"custom_model_data": 303},"model": "screen/txt_setting_3"},{"predicate": {"custom_model_data": 304},"model": "screen/txt_setting_4"},{"predicate": {"custom_model_data": 305},"model": "screen/txt_setting_5"},{"predicate": {"custom_model_data": 306},"model": "screen/txt_setting_6"},{"predicate": {"custom_model_data": 307},"model": "screen/txt_setting_7"},{"predicate": {"custom_model_data": 308},"model": "screen/txt_setting_8"},{"predicate": {"custom_model_data": 309},"model": "screen/txt_setting_9"},{"predicate": {"custom_model_data": 310},"model": "screen/txt_setting_10"},{"predicate": {"custom_model_data": 311},"model": "screen/txt_setting_11"},{"predicate": {"custom_model_data": 312},"model": "screen/txt_setting_12"},{"predicate": {"custom_model_data": 313},"model": "screen/txt_setting_13"},{"predicate": {"custom_model_data": 314},"model": "screen/txt_setting_14"},{"predicate": {"custom_model_data": 315},"model": "screen/txt_setting_15"},{"predicate": {"custom_model_data": 316},"model": "screen/txt_setting_16"},{"predicate": {"custom_model_data": 320},"model": "screen/nb_0"},{"predicate": {"custom_model_data": 321},"model": "screen/nb_1"},{"predicate": {"custom_model_data": 322},"model": "screen/nb_2"},{"predicate": {"custom_model_data": 323},"model": "screen/nb_3"},{"predicate": {"custom_model_data": 324},"model": "screen/nb_4"},{"predicate": {"custom_model_data": 325},"model": "screen/nb_5"},{"predicate": {"custom_model_data": 326},"model": "screen/nb_6"},{"predicate": {"custom_model_data": 327},"model": "screen/nb_7"},{"predicate": {"custom_model_data": 328},"model": "screen/nb_8"},{"predicate": {"custom_model_data": 329},"model": "screen/nb_9"},{"predicate": {"custom_model_data": 330},"model": "screen/txt_enum_0"},{"predicate": {"custom_model_data": 331},"model": "screen/txt_enum_1"},{"predicate": {"custom_model_data": 332},"model": "screen/txt_enum_2"},{"predicate": {"custom_model_data": 333},"model": "screen/txt_enum_3"},{"predicate": {"custom_model_data": 334},"model": "screen/txt_enum_4"},{"predicate": {"custom_model_data": 335},"model": "screen/txt_enum_5"},{"predicate": {"custom_model_data": 336},"model": "screen/txt_enum_6"},{"predicate": {"custom_model_data": 337},"model": "screen/txt_enum_7"},{"predicate": {"custom_model_data": 338},"model": "screen/txt_enum_8"},{"predicate": {"custom_model_data": 339},"model": "screen/txt_enum_9"},{"predicate": {"custom_model_data": 340},"model": "screen/txt_enum_10"},{"predicate": {"custom_model_data": 341},"model": "screen/txt_enum_11"},{"predicate": {"custom_model_data": 342},"model": "screen/txt_enum_12"},{"predicate": {"custom_model_data": 343},"model": "screen/txt_enum_13"},{"predicate": {"custom_model_data": 344},"model": "screen/txt_enum_14"},{"predicate": {"custom_model_data": 345},"model": "screen/txt_enum_15"},{"predicate": {"custom_model_data": 346},"model": "screen/txt_enum_16"},{"predicate": {"custom_model_data": 347},"model": "screen/txt_enum_17"},{"predicate": {"custom_model_data": 348},"model": "screen/txt_enum_18"},{"predicate": {"custom_model_data": 349},"model": "screen/txt_enum_19"},{"predicate": {"custom_model_data": 350},"model": "screen/txt_enum_20"},{"predicate": {"custom_model_data": 351},"model": "screen/txt_enum_21"},{"predicate": {"custom_model_data": 352},"model": "screen/txt_enum_22"},{"predicate": {"custom_model_data": 353},"model": "screen/txt_enum_23"},{"predicate": {"custom_model_data": 354},"model": "screen/txt_enum_24"},{"predicate": {"custom_model_data": 355},"model": "screen/txt_enum_25"},{"predicate": {"custom_model_data": 356},"model": "screen/txt_enum_26"},{"predicate": {"custom_model_data": 357},"model": "screen/txt_enum_27"},{"predicate": {"custom_model_data": 358},"model": "screen/txt_enum_28"},{"predicate": {"custom_model_data": 359},"model": "screen/txt_enum_29"},{"predicate": {"custom_model_data": 360},"model": "screen/txt_enum_30"},{"predicate": {"custom_model_data": 361},"model": "screen/txt_enum_31"},{"predicate": {"custom_model_data": 362},"model": "screen/txt_enum_32"},{"predicate": {"custom_model_data": 363},"model": "screen/txt_enum_33"},{"predicate": {"custom_model_data": 364},"model": "screen/txt_enum_34"},{"predicate": {"custom_model_data": 365},"model": "screen/txt_enum_35"},{"predicate": {"custom_model_data": 366},"model": "screen/txt_enum_36"},{"predicate": {"custom_model_data": 367},"model": "screen/txt_enum_37"},{"predicate": {"custom_model_data": 368},"model": "screen/txt_enum_38"},{"predicate": {"custom_model_data": 369},"model": "screen/txt_enum_39"},{"predicate": {"custom_model_data": 370},"model": "screen/txt_enum_40"},{"predicate": {"custom_model_data": 371},"model": "screen/txt_enum_41"},{"predicate": {"custom_model_data": 372},"model": "screen/txt_enum_42"},{"predicate": {"custom_model_data": 373},"model": "screen/txt_enum_43"},{"predicate": {"custom_model_data": 374},"model": "screen/txt_enum_44"},{"predicate": {"custom_model_data": 375},"model": "screen/txt_enum_45"},{"predicate": {"custom_model_data": 376},"model": "screen/txt_enum_46"},{"predicate": {"custom_model_data": 377},"model": "screen/txt_enum_47"},{"predicate": {"custom_model_data": 378},"model": "screen/txt_enum_48"},{"predicate": {"custom_model_data": 379},"model": "screen/txt_enum_49"},{"predicate": {"custom_model_data": 380},"model": "screen/txt_enum_50"},{"predicate": {"custom_model_data": 381},"model": "screen/txt_enum_51"},{"predicate": {"custom_model_data": 382},"model": "screen/txt_enum_52"},{"predicate": {"custom_model_data": 383},"model": "screen/txt_enum_53"},{"predicate": {"custom_model_data": 384},"model": "screen/txt_enum_54"},{"predicate": {"custom_model_data": 385},"model": "screen/txt_enum_55"},{"predicate": {"custom_model_data": 386},"model": "screen/txt_enum_56"},{"predicate": {"custom_model_data": 387},"model": "screen/txt_enum_57"},{"predicate": {"custom_model_data": 388},"model": "screen/txt_enum_58"},{"predicate": {"custom_model_data": 389},"model": "screen/txt_enum_59"},{"predicate": {"custom_model_data": 390},"model": "screen/txt_enum_60"},{"predicate": {"custom_model_data": 391},"model": "screen/txt_enum_61"},{"predicate": {"custom_model_data": 392},"model": "screen/txt_enum_62"},{"predicate": {"custom_model_data": 393},"model": "screen/txt_enum_63"},{"predicate": {"custom_model_data": 394},"model": "screen/txt_enum_64"},{"predicate": {"custom_model_data": 395},"model": "screen/txt_enum_65"},{"predicate": {"custom_model_data": 396},"model": "screen/txt_enum_66"},{"predicate": {"custom_model_data": 397},"model": "screen/txt_enum_67"},{"predicate": {"custom_model_data": 398},"model": "screen/txt_enum_68"},{"predicate": {"custom_model_data": 399},"model": "screen/txt_enum_69"},{"predicate": {"custom_model_data": 400},"model": "screen/txt_enum_70"},{"predicate": {"custom_model_data": 401},"model": "screen/txt_enum_71"},{"predicate": {"custom_model_data": 402},"model": "screen/txt_enum_72"},{"predicate": {"custom_model_data": 403},"model": "screen/txt_enum_73"},{"predicate": {"custom_model_data": 404},"model": "screen/txt_enum_74"},{"predicate": {"custom_model_data": 405},"model": "screen/txt_enum_75"},{"predicate": {"custom_model_data": 406},"model": "screen/txt_enum_76"},{"predicate": {"custom_model_data": 407},"model": "screen/txt_enum_77"},{"predicate": {"custom_model_data": 408},"model": "screen/txt_enum_78"},{"predicate": {"custom_model_data": 409},"model": "screen/txt_enum_79"},{"predicate": {"custom_model_data": 410},"model": "screen/txt_enum_80"},{"predicate": {"custom_model_data": 411},"model": "screen/txt_enum_81"},{"predicate": {"custom_model_data": 412},"model": "screen/txt_enum_82"},{"predicate": {"custom_model_data": 413},"model": "screen/txt_enum_83"},{"predicate": {"custom_model_data": 414},"model": "screen/txt_enum_84"},{"predicate": {"custom_model_data": 415},"model": "screen/txt_enum_85"},{"predicate": {"custom_model_data": 416},"model": "screen/txt_enum_86"},{"predicate": {"custom_model_data": 417},"model": "screen/txt_enum_87"},{"predicate": {"custom_model_data": 418},"model": "screen/txt_enum_88"},{"predicate": {"custom_model_data": 419},"model": "screen/txt_enum_89"},{"predicate": {"custom_model_data": 420},"model": "screen/txt_enum_90"},{"predicate": {"custom_model_data": 421},"model": "screen/txt_enum_91"},{"predicate": {"custom_model_data": 422},"model": "screen/txt_enum_92"},{"predicate": {"custom_model_data": 423},"model": "screen/txt_enum_93"},{"predicate": {"custom_model_data": 424},"model": "screen/txt_enum_94"},{"predicate": {"custom_model_data": 425},"model": "screen/txt_enum_95"},{"predicate": {"custom_model_data": 426},"model": "screen/txt_enum_96"},{"predicate": {"custom_model_data": 427},"model": "screen/txt_enum_97"},{"predicate": {"custom_model_data": 428},"model": "screen/txt_enum_98"},{"predicate": {"custom_model_data": 429},"model": "screen/txt_enum_99"},{"predicate": {"custom_model_data": 430},"model": "screen/txt_enum_100"},{"predicate": {"custom_model_data": 431},"model": "screen/txt_enum_101"},{"predicate": {"custom_model_data": 432},"model": "screen/txt_enum_102"},{"predicate": {"custom_model_data": 433},"model": "screen/txt_enum_103"},{"predicate": {"custom_model_data": 434},"model": "screen/txt_enum_104"},{"predicate": {"custom_model_data": 435},"model": "screen/txt_enum_105"},{"predicate": {"custom_model_data": 436},"model": "screen/txt_enum_106"},{"predicate": {"custom_model_data": 437},"model": "screen/txt_enum_107"},{"predicate": {"custom_model_data": 438},"model": "screen/txt_enum_108"},{"predicate": {"custom_model_data": 439},"model": "screen/txt_enum_109"},{"predicate": {"custom_model_data": 440},"model": "screen/txt_enum_110"},{"predicate": {"custom_model_data": 441},"model": "screen/txt_enum_111"},{"predicate": {"custom_model_data": 442},"model": "screen/txt_enum_112"},{"predicate": {"custom_model_data": 443},"model": "screen/txt_enum_113"},{"predicate": {"custom_model_data": 444},"model": "screen/txt_enum_114"},{"predicate": {"custom_model_data": 445},"model": "screen/txt_enum_115"},{"predicate": {"custom_model_data": 446},"model": "screen/txt_enum_116"},{"predicate": {"custom_model_data": 447},"model": "screen/txt_enum_117"},{"predicate": {"custom_model_data": 448},"model": "screen/txt_enum_118"},{"predicate": {"custom_model_data": 449},"model": "screen/txt_enum_119"},{"predicate": {"custom_model_data": 450},"model": "screen/txt_enum_120"},{"predicate": {"custom_model_data": 451},"model": "screen/txt_enum_121"},{"predicate": {"custom_model_data": 452},"model": "screen/txt_enum_122"},{"predicate": {"custom_model_data": 453},"model": "screen/txt_enum_123"},{"predicate": {"custom_model_data": 454},"model": "screen/txt_enum_124"},{"predicate": {"custom_model_data": 455},"model": "screen/txt_enum_125"},{"predicate": {"custom_model_data": 456},"model": "screen/txt_enum_126"},{"predicate": {"custom_model_data": 457},"model": "screen/txt_enum_127"}]
}
