{
	"credit": "Made with Blockbench",
	"texture_size": [64, 64],
	"textures": {
		"0": "custom/rewind",
		"particle": "custom/rewind"
	},
	"elements": [
		{
			"from": [4, 0, 7],
			"to": [13, 3, 10],
			"rotation": {"angle": 0, "axis": "y", "origin": [16, 8, 15]},
			"faces": {
				"north": {"uv": [2.75, 0, 5, 0.75], "texture": "#0"},
				"east": {"uv": [5.5, 3.75, 6.25, 4.5], "texture": "#0"},
				"south": {"uv": [2.75, 0.75, 5, 1.5], "texture": "#0"},
				"west": {"uv": [5.5, 4.5, 6.25, 5.25], "texture": "#0"},
				"up": {"uv": [5, 2.25, 2.75, 1.5], "texture": "#0"},
				"down": {"uv": [7.25, 0, 5, 0.75], "texture": "#0"}
			}
		},
		{
			"from": [4, 18.6, 7],
			"to": [13, 21.6, 10],
			"rotation": {"angle": 0, "axis": "y", "origin": [16, 26.6, 15]},
			"faces": {
				"north": {"uv": [5, 0.75, 7.25, 1.5], "texture": "#0"},
				"east": {"uv": [4.25, 9, 5, 9.75], "texture": "#0"},
				"south": {"uv": [5, 1.5, 7.25, 2.25], "texture": "#0"},
				"west": {"uv": [7, 9.25, 7.75, 10], "texture": "#0"},
				"up": {"uv": [7.75, 3, 5.5, 2.25], "texture": "#0"},
				"down": {"uv": [7.75, 3, 5.5, 3.75], "texture": "#0"}
			}
		},
		{
			"from": [3, 2.6, 8],
			"to": [14, 18.6, 9],
			"rotation": {"angle": 0, "axis": "y", "origin": [16, 26.6, 15]},
			"faces": {
				"north": {"uv": [0, 0, 2.75, 4], "texture": "#0"},
				"east": {"uv": [5.25, 6.75, 5.5, 10.75], "texture": "#0"},
				"south": {"uv": [2.75, 2.75, 5.5, 6.75], "texture": "#0"},
				"west": {"uv": [5.5, 8.75, 5.75, 12.75], "texture": "#0"},
				"up": {"uv": [5.5, 2.5, 2.75, 2.25], "texture": "#0"},
				"down": {"uv": [5.5, 2.5, 2.75, 2.75], "texture": "#0"}
			}
		},
		{
			"from": [14, 4.6, 8],
			"to": [17, 17.6, 9],
			"rotation": {"angle": 0, "axis": "y", "origin": [16, 26.6, 15]},
			"faces": {
				"north": {"uv": [0, 4, 0.75, 7.25], "texture": "#0"},
				"east": {"uv": [5.75, 8.75, 6, 12], "texture": "#0"},
				"south": {"uv": [0.75, 4, 1.5, 7.25], "texture": "#0"},
				"west": {"uv": [6, 8.75, 6.25, 12], "texture": "#0"},
				"up": {"uv": [6.25, 5.5, 5.5, 5.25], "texture": "#0"},
				"down": {"uv": [7, 6, 6.25, 6.25], "texture": "#0"}
			}
		},
		{
			"from": [0, 4.6, 8],
			"to": [3, 17.6, 9],
			"rotation": {"angle": 0, "axis": "y", "origin": [3, 26.6, 15]},
			"faces": {
				"north": {"uv": [1.5, 4, 2.25, 7.25], "texture": "#0"},
				"east": {"uv": [3.75, 9, 4, 12.25], "texture": "#0"},
				"south": {"uv": [5.5, 5.5, 6.25, 8.75], "texture": "#0"},
				"west": {"uv": [4, 9, 4.25, 12.25], "texture": "#0"},
				"up": {"uv": [7.75, 7, 7, 6.75], "texture": "#0"},
				"down": {"uv": [3.75, 10, 3, 10.25], "texture": "#0"}
			}
		},
		{
			"from": [6.5, 21.6, 7.5],
			"to": [10.5, 22.6, 9.5],
			"rotation": {"angle": 0, "axis": "y", "origin": [15.5, 29.6, 15.5]},
			"faces": {
				"north": {"uv": [10, 3, 11, 3.25], "texture": "#0"},
				"east": {"uv": [2.25, 4, 2.75, 4.25], "texture": "#0"},
				"south": {"uv": [10, 3.25, 11, 3.5], "texture": "#0"},
				"west": {"uv": [2.25, 4.25, 2.75, 4.5], "texture": "#0"},
				"up": {"uv": [10.25, 10.5, 9.25, 10], "texture": "#0"},
				"down": {"uv": [11, 2.25, 10, 2.75], "texture": "#0"}
			}
		},
		{
			"from": [5.5, 22.6, 6.5],
			"to": [11.5, 23.6, 10.5],
			"rotation": {"angle": 0, "axis": "y", "origin": [15.5, 30.6, 15.5]},
			"faces": {
				"north": {"uv": [9.25, 7.5, 10.75, 7.75], "texture": "#0"},
				"east": {"uv": [10, 3.5, 11, 3.75], "texture": "#0"},
				"south": {"uv": [10, 2.75, 11.5, 3], "texture": "#0"},
				"west": {"uv": [10, 3.75, 11, 4], "texture": "#0"},
				"up": {"uv": [9.25, 7.75, 7.75, 6.75], "texture": "#0"},
				"down": {"uv": [3.75, 9, 2.25, 10], "texture": "#0"}
			}
		},
		{
			"from": [16.3, 6.3, 7],
			"to": [19.3, 15.3, 10],
			"rotation": {"angle": 0, "axis": "y", "origin": [22.3, 14.3, 15]},
			"faces": {
				"north": {"uv": [6.25, 6.25, 7, 8.5], "texture": "#0"},
				"east": {"uv": [6.25, 3.75, 7, 6], "texture": "#0"},
				"south": {"uv": [2.25, 6.75, 3, 9], "texture": "#0"},
				"west": {"uv": [3, 6.75, 3.75, 9], "texture": "#0"},
				"up": {"uv": [10, 10, 9.25, 9.25], "texture": "#0"},
				"down": {"uv": [10, 3.75, 9.25, 4.5], "texture": "#0"}
			}
		},
		{
			"from": [-2.2, 6.3, 7],
			"to": [0.8, 15.3, 10],
			"rotation": {"angle": 0, "axis": "y", "origin": [3.8, 14.3, 15]},
			"faces": {
				"north": {"uv": [3.75, 6.75, 4.5, 9], "texture": "#0"},
				"east": {"uv": [4.5, 6.75, 5.25, 9], "texture": "#0"},
				"south": {"uv": [7, 7, 7.75, 9.25], "texture": "#0"},
				"west": {"uv": [7, 3.75, 7.75, 6], "texture": "#0"},
				"up": {"uv": [10, 5.25, 9.25, 4.5], "texture": "#0"},
				"down": {"uv": [10, 5.25, 9.25, 6], "texture": "#0"}
			}
		},
		{
			"from": [3.8, 6.1, 7],
			"to": [12.8, 9.1, 10],
			"rotation": {"angle": 45, "axis": "z", "origin": [15.8, 14.1, 15]},
			"faces": {
				"north": {"uv": [7, 6, 9.25, 6.75], "texture": "#0"},
				"east": {"uv": [9.25, 6, 10, 6.75], "texture": "#0"},
				"south": {"uv": [0, 7.25, 2.25, 8], "texture": "#0"},
				"west": {"uv": [9.25, 6.75, 10, 7.5], "texture": "#0"},
				"up": {"uv": [9.5, 0.75, 7.25, 0], "texture": "#0"},
				"down": {"uv": [9.5, 0.75, 7.25, 1.5], "texture": "#0"}
			}
		},
		{
			"from": [-9.3, 19.3, 7],
			"to": [-0.3, 22.3, 10],
			"rotation": {"angle": 45, "axis": "z", "origin": [2.7, 27.3, 15]},
			"faces": {
				"north": {"uv": [7.25, 1.5, 9.5, 2.25], "texture": "#0"},
				"east": {"uv": [9.25, 8.5, 10, 9.25], "texture": "#0"},
				"south": {"uv": [7.75, 7.75, 10, 8.5], "texture": "#0"},
				"west": {"uv": [9.5, 0, 10.25, 0.75], "texture": "#0"},
				"up": {"uv": [10, 3, 7.75, 2.25], "texture": "#0"},
				"down": {"uv": [10, 3, 7.75, 3.75], "texture": "#0"}
			}
		},
		{
			"from": [-2.8, -7.2, 7],
			"to": [0.2, 1.8, 10],
			"rotation": {"angle": 45, "axis": "z", "origin": [-7.8, 4.8, 15]},
			"faces": {
				"north": {"uv": [7.75, 3.75, 8.5, 6], "texture": "#0"},
				"east": {"uv": [0, 8, 0.75, 10.25], "texture": "#0"},
				"south": {"uv": [0.75, 8, 1.5, 10.25], "texture": "#0"},
				"west": {"uv": [1.5, 8, 2.25, 10.25], "texture": "#0"},
				"up": {"uv": [10.25, 1.5, 9.5, 0.75], "texture": "#0"},
				"down": {"uv": [10.25, 1.5, 9.5, 2.25], "texture": "#0"}
			}
		},
		{
			"from": [10.2, 6, 7],
			"to": [13.2, 15, 10],
			"rotation": {"angle": 45, "axis": "z", "origin": [5.2, 18, 15]},
			"faces": {
				"north": {"uv": [6.25, 8.5, 7, 10.75], "texture": "#0"},
				"east": {"uv": [7.75, 8.5, 8.5, 10.75], "texture": "#0"},
				"south": {"uv": [8.5, 8.5, 9.25, 10.75], "texture": "#0"},
				"west": {"uv": [8.5, 3.75, 9.25, 6], "texture": "#0"},
				"up": {"uv": [5, 10.5, 4.25, 9.75], "texture": "#0"},
				"down": {"uv": [3, 10, 2.25, 10.75], "texture": "#0"}
			}
		}
	],
	"display": {
		"head": {
			"translation": [-0.5, -35, 0]
		}
	}
}