{
    "credit": "Made with Blockbench",
    "texture_size": [256, 256],
    "textures": {
        "0": "screen/bar",
        "particle": "screen/bar"
    },
    "elements": [
        {
            "from": [-8, 0, 8],
            "to": [24, 8, 8],
            "rotation": {"angle": 0, "axis": "y", "origin": [7, 4, 7]},
            "faces": {
                "north": {"uv": [0, 4, 8, 6], "texture": "#0"},
                "east": {"uv": [0, 4, 8, 6], "texture": "#0"},
                "south": {"uv": [0, 4, 8, 6], "texture": "#0"},
                "west": {"uv": [0, 4, 8, 6], "texture": "#0"},
                "up": {"uv": [0, 4, 8, 6], "texture": "#0"},
                "down": {"uv": [0, 4, 8, 6], "texture": "#0"}
            }
        }
    ],
    "display": {
        "head": {
            "translation": [0, -34.25, 0],
            "scale": [2, 2, 2]
        }
    }
}