{
"credit": "Made with Blockbench",
"texture_size": [64, 64],
"textures": {
"0": "screen/nb_4",
"particle": "screen/nb_4"
}
,
"elements": [
{
"from": [4, 0, 8],
"to": [12, 8, 8],
"rotation": {"angle": 0, "axis": "y", "origin": [7, 4, 7]},
"faces": {
"north": {"uv": [0, 0, 16, 16], "texture": "#0"},
"east": {"uv": [0, 0, 16, 16], "texture": "#0"},
"south": {"uv": [0, 0, 16, 16], "texture": "#0"},
"west": {"uv": [0, 0, 16, 16], "texture": "#0"},
"up": {"uv": [0, 0, 16, 16], "texture": "#0"},
"down": {"uv": [0, 0, 16, 16], "texture": "#0"}
}
}
],
"display": {
"head": {
"translation": [0, -34.25, 0],
"scale": [2, 2, 2]
}
}
}
