{
	"credit": "Made with Blockbench",
	"texture_size": [1024, 1024],
	"textures": {
		"0": "screen/screen_leaderboard",
		"particle": "screen/screen_leaderboard"
	},
	"elements": [
		{
			"from": [-16, -16, 8],
			"to": [32, 32, 8],
			"faces": {
				"north": {"uv": [0, 0, 4, 4], "texture": "#0"},
				"east": {"uv": [0, 0, 4, 4], "texture": "#0"},
				"south": {"uv": [0, 0, 4, 4], "texture": "#0"},
				"west": {"uv": [0, 0, 4, 4], "texture": "#0"},
				"up": {"uv": [0, 0, 4, 4], "texture": "#0"},
				"down": {"uv": [0, 0, 4, 4], "texture": "#0"}
			}
		}
	],
	"display": {
		"head": {
			"translation": [0, -16.25, 0],
			"scale": [2.25, 2.25, 2.25]
		}
	}
}