{
"providers": [{"type": "bitmap","file": "custom/checkpoint/icon_red.png","ascent": 9,"height": 14,"chars": ["\uE200"],"shift": [0, 0]},{"type": "bitmap","file": "custom/checkpoint/icon_orange.png","ascent": 9,"height": 14,"chars": ["\uE201"],"shift": [0, 0]},{"type": "bitmap","file": "custom/checkpoint/icon_yellow.png","ascent": 9,"height": 14,"chars": ["\uE202"],"shift": [0, 0]},{"type": "bitmap","file": "custom/checkpoint/icon_lime.png","ascent": 9,"height": 14,"chars": ["\uE203"],"shift": [0, 0]},{"type": "bitmap","file": "custom/checkpoint/icon_green.png","ascent": 9,"height": 14,"chars": ["\uE204"],"shift": [0, 0]},{"type": "bitmap","file": "custom/checkpoint/icon_light_blue.png","ascent": 9,"height": 14,"chars": ["\uE205"],"shift": [0, 0]},{"type": "bitmap","file": "custom/checkpoint/icon_blue.png","ascent": 9,"height": 14,"chars": ["\uE206"],"shift": [0, 0]},{"type": "bitmap","file": "custom/checkpoint/icon_cyan.png","ascent": 9,"height": 14,"chars": ["\uE207"],"shift": [0, 0]},{"type": "bitmap","file": "custom/checkpoint/icon_magenta.png","ascent": 9,"height": 14,"chars": ["\uE208"],"shift": [0, 0]},{"type": "bitmap","file": "custom/checkpoint/icon_purple.png","ascent": 9,"height": 14,"chars": ["\uE209"],"shift": [0, 0]},{"type": "bitmap","file": "custom/checkpoint/icon_pink.png","ascent": 9,"height": 14,"chars": ["\uE210"],"shift": [0, 0]},{"type": "bitmap","file": "custom/checkpoint/icon_light_gray.png","ascent": 9,"height": 14,"chars": ["\uE211"],"shift": [0, 0]},{"type": "bitmap","file": "custom/checkpoint/icon_gray.png","ascent": 9,"height": 14,"chars": ["\uE212"],"shift": [0, 0]},{"type": "bitmap","file": "custom/checkpoint/icon_black.png","ascent": 9,"height": 14,"chars": ["\uE213"],"shift": [0, 0]},{"type": "bitmap","file": "custom/checkpoint/icon_brown.png","ascent": 9,"height": 14,"chars": ["\uE214"],"shift": [0, 0]}]
}
