{
"credit": "Made with Blockbench",
"texture_size": [64, 64],
"textures": {
"0": "custom/checkpoint/flag_checkpoint_green",
"particle": "custom/checkpoint/flag_checkpoint_green"
}
,
"elements": [
{
"name": "body",
"from": [4, 0, 4],
"to": [12, 4, 12],
"faces": {
"north": {"uv": [5, 8.5, 7, 9.5], "texture": "#0"},
"east": {"uv": [3, 8.5, 5, 9.5], "texture": "#0"},
"south": {"uv": [9, 8.5, 11, 9.5], "texture": "#0"},
"west": {"uv": [7, 8.5, 9, 9.5], "texture": "#0"},
"up": {"uv": [7, 8.5, 5, 6.5], "texture": "#0"},
"down": {"uv": [9, 6.5, 7, 8.5], "texture": "#0"}
}
}
,
{
"name": "body",
"from": [6.5, 0.1, 6.5],
"to": [9.5, 32, 9.5],
"faces": {
"north": {"uv": [0.75, 6, 1.5, 13.75], "texture": "#0"},
"east": {"uv": [0, 6, 0.75, 13.75], "texture": "#0"},
"south": {"uv": [2.25, 6, 3, 13.75], "texture": "#0"},
"west": {"uv": [1.5, 6, 2.25, 13.75], "texture": "#0"},
"up": {"uv": [1.5, 6, 0.75, 5.25], "texture": "#0"},
"down": {"uv": [2.25, 5.25, 1.5, 6], "texture": "#0"}
}
}
,
{
"name": "body",
"from": [-0.5, 29.1, 3.5],
"to": [16.5, 32, 6.5],
"faces": {
"north": {"uv": [3.75, 6, 8, 6.5], "texture": "#0"},
"east": {"uv": [3, 6, 3.75, 6.5], "texture": "#0"},
"south": {"uv": [8.75, 6, 13, 6.5], "texture": "#0"},
"west": {"uv": [8, 6, 8.75, 6.5], "texture": "#0"},
"up": {"uv": [8, 6, 3.75, 5.25], "texture": "#0"},
"down": {"uv": [12.25, 5.25, 8, 6], "texture": "#0"}
}
}
,
{
"name": "bone",
"from": [-0.5, 8.1, 5],
"to": [16.5, 30, 5],
"faces": {
"north": {"uv": [0, 0, 4.25, 5.25], "texture": "#0"},
"east": {"uv": [0, 0, 0, 5.25], "texture": "#0"},
"south": {"uv": [0, 0, 4.25, 5.25], "texture": "#0"},
"west": {"uv": [4.25, 0, 4.25, 5.25], "texture": "#0"},
"up": {"uv": [4.25, 0, 0, 0], "texture": "#0"},
"down": {"uv": [8.5, 0, 4.25, 0], "texture": "#0"}
}
}
],
"display": {
"head": {
"translation": [0, -29.25, 0],
"scale": [1.75, 1.75, 1.75]
}
}
,
"groups": [
{
"name": "body",
"origin": [0, 0, 0],
"color": 0,
"shade": false,
"children": [
0,
1,
2,
{
"name": "bone",
"origin": [0.5, 30.1, -3.1],
"color": 1,
"children": [3]
}
]
}
]
}
